<?xml version="1.0" encoding="UTF-8" standalone="yes"?>
<manifest>
  <control namespace="PCF.ClarityNamespace" constructor="ClarityTelemetry" version="0.0.7" display-name-key="Clarity Component" description-key="Clarity Component to track app screen telemetry" control-type="standard" api-version="1.3.5">
    <property name="ClarityProjectID" display-name-key="Clarity Project ID" description-key="Clarity ID" of-type="SingleLine.Text" usage="bound" required="true"/>
    <property name="DisplayText" display-name-key="Display Text" description-key="Display Text" of-type="SingleLine.Text" usage="bound" required="false"/>
    <property name="CookieConsentPosition" display-name-key="Cookie Consent Position" description-key="Cookie Consent Position (Top/Bottom)" of-type="Enum" usage="input" required="false">
      <value name="Top" display-name-key="Top" default="true">Top</value>
      <value name="Bottom" display-name-key="Bottom">Bottom</value>
    </property>
    <property name="CookieConsentPositionValue" display-name-key="Cookie Consent Position Value" description-key="Cookie Consent Position Value" of-type="Whole.None" usage="input" required="false" default-value="0"/>
    <external-service-usage enabled="false"/>
    <resources>
      <code path="bundle.js" order="1"/>
    </resources>
    <built-by name="pac" version="1.21.13"/>
  </control>
</manifest>